[
    {
        "model": "app_services.typeservice",
        "pk": 1,
        "fields": {
            "name": "Спортивные залы",
            "slug": "gym",
            "order": 600,
            "icon": 3,
            "category": "sport",
            "description": "На объектах ФСК, центр Патриот, отель Байкал Парк, Лукодром, центральный стадион предоставляются специализированные и универсальные спортивные залы для ТРЕНИРОВОЧНЫХ ЗАНЯТИЙ команд и КУЛЬТУРНО-МАССОВЫХ МЕРОПРИЯТИЙ.",
            "active": true
        }
    },
    {
        "model": "app_services.typeservice",
        "pk": 2,
        "fields": {
            "name": "Бассейн",
            "slug": "swimming",
            "order": 1000,
            "icon": 1,
            "category": "sport",
            "description": "Плавательный бассейн ФСК предоставляет обширный спектр услуг с удобными и гибкими тарифами как для индивидуальных лиц, так и для организаций. Предоставляются ряд сопутствующих услуг. Возможно записаться к инструктору для индивидуальных так и групповых занятий.",
            "active": true
        }
    },
    {
        "model": "app_services.typeservice",
        "pk": 3,
        "fields": {
            "name": "Футбольные поля",
            "slug": "futboll",
            "order": 800,
            "icon": 5,
            "category": "sport",
            "description": "На объектах центральный стадион, ФСК, отель Байкал Парк имеются мини-футбольные поля и полноценные футбольные поля, которые можно забронировать для проведения товарищеских матчей, и игр на открытом поле.",
            "active": true
        }
    },
    {
        "model": "app_services.typeservice",
        "pk": 4,
        "fields": {
            "name": "Тренажерные залы",
            "slug": "bodybilding",
            "order": 900,
            "icon": 2,
            "category": "sport",
            "description": "На объектах ФСК, Центральный стадион, РЦЕ Патриот имеются современные просторные тренажерные залы, оснащенный профессиональным спортивным оборудованием от ведущих мировых производителей Body-Solid, JOHNSON, MATRIX, H/DIGGER которое оценят по достоинству, как любители, так и опытные поклонники фитнеса.\r\nСиловая зона представлена свободными весами и многофункциональными тренажерами.\r\nДля кардионагрузки к вашим услугам беговые дорожки, велотренажеры, степперы, эллипсоиды.\r\nЧтобы освоить все это многообразие тренажеров и добиться максимальной результативности, в этом Вам помогут наши квалифицированные инструкторы.",
            "active": true
        }
    },
    {
        "model": "app_services.typeservice",
        "pk": 5,
        "fields": {
            "name": "Культурно-массовые мероприятия",
            "slug": "pipls",
            "order": 100,
            "icon": 14,
            "category": "other",
            "description": "ГАУ РБ «Дирекция спортивных сооружений» имеет большой опыт проведения спортивно-массовых мероприятий, а так же предоставляет свои объекты для проведения культурно-массовых мероприятий для концертов, выставок и бизнес мероприятий.",
            "active": true
        }
    },
    {
        "model": "app_services.typeservice",
        "pk": 6,
        "fields": {
            "name": "хостелы",
            "slug": "hotel",
            "order": 150,
            "icon": 14,
            "category": "relax",
            "description": "На объектах ФСК, РЦЕ Патриот предоставляются услуги хостела. Хостел принимает и размещает официальные делегации, небольшие команды или отдельных спортсменов и посетителей, приезжающих в командировку, на тренировки, соревнования из различных регионов.",
            "active": true
        }
    },
    {
        "model": "app_services.typeservice",
        "pk": 7,
        "fields": {
            "name": "Зимний спорт",
            "slug": "wintergame",
            "order": 50,
            "icon": 9,
            "category": "sport",
            "description": "На объектах центральный стадион и отель Байкал Парк в период с декабря по март (в зависимости от погоды) предоставляются услуги для занятия зимними видами спорта.",
            "active": false
        }
    },
    {
        "model": "app_services.typeservice",
        "pk": 8,
        "fields": {
            "name": "SPA",
            "slug": "spa",
            "order": 100,
            "icon": 14,
            "category": "relax",
            "description": "На объектах ФСК и центральный стадион предоставляются услуги для красоты и здоровья в студии  «DSS_Studio»\r\nКедровая фито-бочка, Солярий  вертикальный, Солярий горизонтальный, Массажные кресла, Массажные кровати (Нуга-Бест), Ручной массаж",
            "active": true
        }
    },
    {
        "model": "app_services.typeservice",
        "pk": 9,
        "fields": {
            "name": "Аренда помещений",
            "slug": "square",
            "order": 100,
            "icon": 14,
            "category": "other",
            "description": "Предоставляем услуги по аренде помещений на спортивных объектах",
            "active": true
        }
    },
    {
        "model": "app_services.typeservice",
        "pk": 10,
        "fields": {
            "name": "Турбазы",
            "slug": "kemping",
            "order": 255,
            "icon": 14,
            "category": "relax",
            "description": "Объекты ГД Надежда и Отель Байкал Парк. предоставляют услуги для комфортного отдыха: красивый песчаный пляж с отмелью, прозрачная вода, отличные условия для рыбалки, для водных экскурсий можно арендовать катер или теплоход. А так же возможно провести спортивные мероприятия и продолжить спортивные тренировки.",
            "active": true
        }
    },
    {
        "model": "app_services.typeservice",
        "pk": 11,
        "fields": {
            "name": "Стрельба из лука",
            "slug": "luk",
            "order": 700,
            "icon": 6,
            "category": "sport",
            "description": "В РЦСЛ Мэргэн предоставляются услуги ДЛЯ ЗАНЯТИЯ ПО СТРЕЛЬБЕ ИЗ ЛУКА",
            "active": true
        }
    },
    {
        "model": "app_services.typeservice",
        "pk": 12,
        "fields": {
            "name": "Пулевая стрельба",
            "slug": "shutting",
            "order": 100,
            "icon": 7,
            "category": "sport",
            "description": "На объекте центральный стадион предоставляются услуги по организации стрельб  для проведения тренировочных занятий, спортивных мероприятий (без  оружия,  патронов и мишеней) и подготовке к ГТО. Стрелковый спорт воспитывает в спортсменах такие качества как выдержку, спокойствие, самообладание, трудолюбие, что способствует в формировании устойчивых морально-волевых качеств.",
            "active": false
        }
    },
    {
        "model": "app_services.typeservice",
        "pk": 13,
        "fields": {
            "name": "ГТО",
            "slug": "atlet",
            "order": 500,
            "icon": 12,
            "category": "sport",
            "description": "Центральный стадион предоставляет спортивные услуги по занятию легкой атлетикой и сдачу ГТО. Приглашаем всех желающих на пробежки! \r\nА также напоминаем, что ежедневно с 6 до 9 утра Вы можете позаниматься совершенно бесплатно. Вход свободный для всех  без предоставления раздевалок",
            "active": true
        }
    },
    {
        "model": "app_services.typeservice",
        "pk": 14,
        "fields": {
            "name": "Спортивное плавание",
            "slug": "swimmingsection",
            "order": 255,
            "icon": 1,
            "category": "section",
            "description": "Спортивный центр центр плавания на ФСК был создан с целью объединения разных спортивных направлений, занятия по которым проводят инструкторы ГАУ РБ «Дирекция спортивных сооружений». В Центре проводятся занятия по оздоровительному плаванию, комбинированному фитнесу «СКИВ КРОСС».",
            "active": true
        }
    },
    {
        "model": "app_services.typeservice",
        "pk": 15,
        "fields": {
            "name": "футбольной подготовки",
            "slug": "futball",
            "order": 1000,
            "icon": 5,
            "category": "section",
            "description": "Приглашаем ваших детей на ежемесячный набор в секцию по футболу для мальчиков от 5 до 17 лет.\r\n\r\nЗдесь вашего ребенка всегда ждет профессиональный тренерский состав,  командные игры, выездные турниры и сборы.",
            "active": true
        }
    },
    {
        "model": "app_services.typeservice",
        "pk": 16,
        "fields": {
            "name": "единоборств",
            "slug": "atletsection",
            "order": 900,
            "icon": 11,
            "category": "section",
            "description": "На объектах РЦЕ Патриот. Возможно записаться в секции по Ушу, Дзюдо, Тхэквондо, Самбо, Борьба, Бокс, Художественная гимнастика под руководством опытных тренеров и наставников",
            "active": true
        }
    },
    {
        "model": "app_services.typeservice",
        "pk": 17,
        "fields": {
            "name": "стрельбы из лука",
            "slug": "robingud",
            "order": 255,
            "icon": 14,
            "category": "section",
            "description": "Региональном центре по стрельбе из Лука Мэргэн проводятся занятия с детьми по срельбе из лука под руководством тренеров.",
            "active": true
        }
    },
    {
        "model": "app_services.typeservice",
        "pk": 18,
        "fields": {
            "name": "стрелковой подготовки",
            "slug": "pnevmoshuting",
            "order": 600,
            "icon": 7,
            "category": "section",
            "description": "необходимо заполнить",
            "active": true
        }
    },
    {
        "model": "app_services.typeservice",
        "pk": 19,
        "fields": {
            "name": "легкой атлетики",
            "slug": "lightatlet",
            "order": 700,
            "icon": 4,
            "category": "section",
            "description": "Бегать бегать и бегать как говорил физрук в школе, ищо подтягиваться и на брусьях отжиматься и ваще паркур",
            "active": true
        }
    },
    {
        "model": "app_services.typeservice",
        "pk": 20,
        "fields": {
            "name": "Аквафитнес",
            "slug": "akuafitnes",
            "order": 600,
            "icon": 1,
            "category": "section",
            "description": "В Улан-Удэ в бассейне ФСК компания АКВАЛАЙФ проводит занятия по аквафитнесу",
            "active": true
        }
    },
    {
        "model": "app_services.typeservice",
        "pk": 21,
        "fields": {
            "name": "экстремальных видов спорта",
            "slug": "sapsandkayak",
            "order": 700,
            "icon": 1,
            "category": "section",
            "description": "Федерация экстремальных видов спорта и путешествий «Байкальский экстрим» запустили учебную школу по водным видам спорта в бассейне ФСК г Улан-Удэ.",
            "active": true
        }
    },
    {
        "model": "app_services.typeservice",
        "pk": 22,
        "fields": {
            "name": "зимних видов спорта",
            "slug": "konki",
            "order": 800,
            "icon": 9,
            "category": "section",
            "description": "На Центральном стадионе в зимний сезон (с 5 декабря по 5 марта) работает секция по катанию на коньках.",
            "active": true
        }
    },
    {
        "model": "app_services.service",
        "pk": 3,
        "fields": {
            "name": "Занятие по плаванию в паре (сплит)",
            "description": "<p>Занятие предназначено бла бла бла</p>\r\n\r\n<table style=\"width:690px\">\r\n\t<tbody>\r\n\t\t<tr>\r\n\t\t\t<td>\r\n\t\t\t<p>Дети с 7 до 17 лет</p>\r\n\t\t\t</td>\r\n\t\t\t<td>\r\n\t\t\t<p>1 200 руб.&nbsp;</p>\r\n\t\t\t</td>\r\n\t\t</tr>\r\n\t\t<tr>\r\n\t\t\t<td>\r\n\t\t\t<p>Ребенок с 7 до 17 лет + взрослый</p>\r\n\t\t\t</td>\r\n\t\t\t<td>1 350 руб.</td>\r\n\t\t</tr>\r\n\t\t<tr>\r\n\t\t\t<td>\r\n\t\t\t<p>Взрослые с 18 лет</p>\r\n\t\t\t</td>\r\n\t\t\t<td rowspan=\"2\">\r\n\t\t\t<p>1 500 руб.</p>\r\n\t\t\t</td>\r\n\t\t</tr>\r\n\t</tbody>\r\n</table>\r\n\r\n<p>&nbsp;</p>\r\n\r\n<p>цена указана за 2 человек. Сеанс 40 минут.</p>",
            "category": "section",
            "slug": "split_swimming_lesson",
            "typeservice": 14,
            "order": 100
        }
    },
    {
        "model": "app_services.service",
        "pk": 4,
        "fields": {
            "name": "Групповое плавание на 24 занятия для начинающих",
            "description": "<p>В секцию принимаются дети с 7 до 17 лет.</p>\r\n\r\n<p>Группа для начинающих</p>\r\n\r\n<p>Цена 6000 руб.</p>\r\n\r\n<p>24 занятия в течении 3 месяцев</p>\r\n\r\n<p>&nbsp;</p>",
            "category": "section",
            "slug": "gruppovoe-plavanie-na-24-zanyatiya-dlya-nachinayushih",
            "typeservice": 14,
            "order": 100
        }
    },
    {
        "model": "app_services.service",
        "pk": 5,
        "fields": {
            "name": "Лови волну",
            "description": "<table align=\"center\" border=\"0\" cellpadding=\"0\" cellspacing=\"0\" style=\"width:500px\">\r\n\t<caption>\r\n\t<p style=\"text-align:center\">Абонемент на 4 посещения на 30 дней</p>\r\n\t</caption>\r\n\t<tbody>\r\n\t\t<tr>\r\n\t\t\t<td style=\"text-align:center\">\r\n\t\t\t<p>в <u>будние дни</u> с <u>7:00 до 13:30</u>&nbsp;</p>\r\n\t\t\t</td>\r\n\t\t\t<td style=\"text-align:center\"><strong><em>680 руб.</em></strong></td>\r\n\t\t</tr>\r\n\t</tbody>\r\n</table>\r\n\r\n<p style=\"text-align:right\">&nbsp;</p>",
            "category": "sport",
            "slug": "lovi-volnu",
            "typeservice": 2,
            "order": 1000
        }
    },
    {
        "model": "app_services.service",
        "pk": 7,
        "fields": {
            "name": "Абонемент 30 дней в будние дни",
            "description": "<h6 style=\"text-align:center\">Абонемент на 30 дней, посещение в будние дни с 7:00 до 17:00</h6>\r\n\r\n<p style=\"text-align:center\">(исключение праздничные дни)</p>\r\n\r\n<table align=\"center\" border=\"0\" cellpadding=\"0\" cellspacing=\"0\" style=\"width:500px\">\r\n\t<caption>\r\n\t<p style=\"text-align:center\">Абонемент <strong>30 дней</strong> на <strong>4 сеанса</strong></p>\r\n\t</caption>\r\n\t<thead>\r\n\t\t<tr>\r\n\t\t\t<th scope=\"col\" style=\"text-align:center\">Дети до 17 лет</th>\r\n\t\t\t<th scope=\"col\" style=\"text-align:center\"><strong>&nbsp;410 руб.</strong></th>\r\n\t\t</tr>\r\n\t</thead>\r\n\t<tbody>\r\n\t\t<tr>\r\n\t\t\t<td style=\"text-align:center\">Взрослые</td>\r\n\t\t\t<td style=\"text-align:center\"><strong>960 руб.</strong></td>\r\n\t\t</tr>\r\n\t</tbody>\r\n</table>\r\n\r\n<table align=\"center\" border=\"0\" cellpadding=\"1\" cellspacing=\"1\" style=\"width:500px\">\r\n\t<caption>\r\n\t<p style=\"text-align:center\">Абонемент <strong>30 дней</strong> на <strong>8 сеансов</strong></p>\r\n\t</caption>\r\n\t<thead>\r\n\t\t<tr>\r\n\t\t\t<th scope=\"col\" style=\"text-align:center\">Дети до 17 лет</th>\r\n\t\t\t<th scope=\"col\" style=\"text-align:center\"><strong>&nbsp;770 руб.</strong></th>\r\n\t\t</tr>\r\n\t</thead>\r\n\t<tbody>\r\n\t\t<tr>\r\n\t\t\t<td style=\"text-align:center\">Взрослые</td>\r\n\t\t\t<td style=\"text-align:center\"><strong>1790 руб.</strong></td>\r\n\t\t</tr>\r\n\t</tbody>\r\n</table>\r\n\r\n<table align=\"center\" border=\"0\" cellpadding=\"1\" cellspacing=\"1\" style=\"width:500px\">\r\n\t<caption>\r\n\t<p style=\"text-align:center\">Абонемент <strong>30 дней</strong> на <strong>12 сеансов</strong></p>\r\n\t</caption>\r\n\t<thead>\r\n\t\t<tr>\r\n\t\t\t<th scope=\"col\" style=\"text-align:center\">Дети до 17 лет</th>\r\n\t\t\t<th scope=\"col\" style=\"text-align:center\"><strong>1080 руб.</strong></th>\r\n\t\t</tr>\r\n\t</thead>\r\n\t<tbody>\r\n\t\t<tr>\r\n\t\t\t<td style=\"text-align:center\">Взрослые</td>\r\n\t\t\t<td style=\"text-align:center\"><strong>2520 руб.</strong></td>\r\n\t\t</tr>\r\n\t</tbody>\r\n</table>",
            "category": "sport",
            "slug": "abonement-30-v-budni",
            "typeservice": 2,
            "order": 910
        }
    },
    {
        "model": "app_services.service",
        "pk": 8,
        "fields": {
            "name": "Разовое посещение",
            "description": "<p style=\"text-align:center\">&nbsp;</p>\r\n\r\n<table align=\"center\" style=\"width:500px\">\r\n\t<caption>\r\n\t<p style=\"text-align:center\">Разовое самостоятельное посещение бассейна</p>\r\n\t</caption>\r\n\t<tbody>\r\n\t\t<tr>\r\n\t\t\t<td style=\"text-align:center\">ДЕТИ до 17 лет&nbsp;</td>\r\n\t\t\t<td style=\"text-align:center\"><strong>&nbsp;120 руб.</strong></td>\r\n\t\t</tr>\r\n\t\t<tr>\r\n\t\t\t<td style=\"text-align:center\">ВЗРОСЛЫЕ</td>\r\n\t\t\t<td style=\"text-align:center\"><strong>280 руб.</strong></td>\r\n\t\t</tr>\r\n\t</tbody>\r\n</table>",
            "category": "sport",
            "slug": "razovoe-poseshenie",
            "typeservice": 2,
            "order": 950
        }
    },
    {
        "model": "app_services.service",
        "pk": 11,
        "fields": {
            "name": "Абонемент 30 дней в любое время",
            "description": "<h6 style=\"text-align:center\">Абонемент 30 дней в любое время по графику работы бассейна, в том числе выходные и праздничные дни</h6>\r\n\r\n<p>&nbsp;</p>\r\n\r\n<table align=\"center\" border=\"0\" cellpadding=\"0\" cellspacing=\"0\" style=\"width:500px\">\r\n\t<caption>\r\n\t<p style=\"text-align:center\">Абонемент 30 дней на 4 сеанса&nbsp;</p>\r\n\t</caption>\r\n\t<tbody>\r\n\t\t<tr>\r\n\t\t\t<td style=\"text-align:center\">Дети до 17 лет</td>\r\n\t\t\t<td style=\"text-align:center\"><strong>460 руб.</strong></td>\r\n\t\t</tr>\r\n\t\t<tr>\r\n\t\t\t<td style=\"text-align:center\">Взрослые</td>\r\n\t\t\t<td style=\"text-align:center\"><strong>1050 руб.</strong></td>\r\n\t\t</tr>\r\n\t</tbody>\r\n</table>\r\n\r\n<table align=\"center\" border=\"0\" cellpadding=\"0\" cellspacing=\"0\" style=\"width:500px\">\r\n\t<caption>\r\n\t<p style=\"text-align:center\">Абонемент 30 дней на 8 занятий&nbsp;</p>\r\n\t</caption>\r\n\t<tbody>\r\n\t\t<tr>\r\n\t\t\t<td style=\"text-align:center\">Дети до 17 лет</td>\r\n\t\t\t<td style=\"text-align:center\"><strong>900 руб.</strong></td>\r\n\t\t</tr>\r\n\t\t<tr>\r\n\t\t\t<td style=\"text-align:center\">Взрослые</td>\r\n\t\t\t<td style=\"text-align:center\"><strong>1930 руб.</strong></td>\r\n\t\t</tr>\r\n\t</tbody>\r\n</table>\r\n\r\n<table align=\"center\" border=\"0\" cellpadding=\"0\" cellspacing=\"0\" style=\"width:500px\">\r\n\t<caption>\r\n\t<p style=\"text-align:center\">Абонемент 30 дней на 12&nbsp;занятий&nbsp;</p>\r\n\t</caption>\r\n\t<tbody>\r\n\t\t<tr>\r\n\t\t\t<td style=\"text-align:center\">Дети до 17 лет</td>\r\n\t\t\t<td style=\"text-align:center\"><strong>900 руб.</strong></td>\r\n\t\t</tr>\r\n\t\t<tr>\r\n\t\t\t<td style=\"text-align:center\">Взрослые</td>\r\n\t\t\t<td style=\"text-align:center\"><strong>1930 руб.</strong></td>\r\n\t\t</tr>\r\n\t</tbody>\r\n</table>",
            "category": "sport",
            "slug": "abonement-30-vihodvkl",
            "typeservice": 2,
            "order": 900
        }
    },
    {
        "model": "app_services.service",
        "pk": 14,
        "fields": {
            "name": "Абонемент 60 дней в будние",
            "description": "<h6 style=\"text-align:center\">Абонемент на 60 дней, посещение в будние дни с 7:00 до 17:00 (кроме праздничных)</h6>\r\n\r\n<p>&nbsp;</p>\r\n\r\n<table align=\"center\" border=\"0\" cellpadding=\"0\" cellspacing=\"0\" style=\"width:500px\">\r\n\t<caption>\r\n\t<p style=\"text-align:center\">Абонемент на 60 дней включает 4 сеанса</p>\r\n\t</caption>\r\n\t<tbody>\r\n\t\t<tr>\r\n\t\t\t<td style=\"text-align:center\">Дети до 17 лет</td>\r\n\t\t\t<td style=\"text-align:center\"><strong>450 руб.</strong></td>\r\n\t\t</tr>\r\n\t\t<tr>\r\n\t\t\t<td style=\"text-align:center\">Взрослые</td>\r\n\t\t\t<td style=\"text-align:center\"><strong>1000 руб.</strong></td>\r\n\t\t</tr>\r\n\t</tbody>\r\n</table>\r\n\r\n<table align=\"center\" border=\"0\" cellpadding=\"0\" cellspacing=\"0\" style=\"width:500px\">\r\n\t<caption>\r\n\t<p style=\"text-align:center\">Абонемент на 60 дней, включает 8 сеансов</p>\r\n\t</caption>\r\n\t<tbody>\r\n\t\t<tr>\r\n\t\t\t<td style=\"text-align:center\">Дети до 17 лет</td>\r\n\t\t\t<td style=\"text-align:center\"><strong>870 руб.</strong></td>\r\n\t\t</tr>\r\n\t\t<tr>\r\n\t\t\t<td style=\"text-align:center\">Взрослые</td>\r\n\t\t\t<td style=\"text-align:center\"><strong>2060 руб.</strong></td>\r\n\t\t</tr>\r\n\t</tbody>\r\n</table>\r\n\r\n<table align=\"center\" border=\"0\" cellpadding=\"0\" cellspacing=\"0\" style=\"width:500px\">\r\n\t<caption>\r\n\t<p style=\"text-align:center\">Абонемент на 60 дней, включает 12 сеансов</p>\r\n\t</caption>\r\n\t<tbody>\r\n\t\t<tr>\r\n\t\t\t<td style=\"text-align:center\">Дети до 17 лет</td>\r\n\t\t\t<td style=\"text-align:center\"><strong>1285 руб.</strong></td>\r\n\t\t</tr>\r\n\t\t<tr>\r\n\t\t\t<td style=\"text-align:center\">Взрослые</td>\r\n\t\t\t<td style=\"text-align:center\"><strong>3000 руб.</strong></td>\r\n\t\t</tr>\r\n\t</tbody>\r\n</table>",
            "category": "sport",
            "slug": "abonement-60-dnej-v-budnie",
            "typeservice": 2,
            "order": 800
        }
    },
    {
        "model": "app_services.service",
        "pk": 15,
        "fields": {
            "name": "Абонемент 60 дней в любое время",
            "description": "<h6 style=\"text-align:center\">Абонемент на 60 дней, посещение в любое время по графику работы бассейна</h6>\r\n\r\n<table align=\"center\" border=\"0\" cellpadding=\"0\" cellspacing=\"0\" style=\"width:500px\">\r\n\t<caption>Абонемент на 60 дней включает 4 сеанса</caption>\r\n\t<tbody>\r\n\t\t<tr>\r\n\t\t\t<td style=\"text-align:center\">Дети до 17 лет</td>\r\n\t\t\t<td style=\"text-align:center\"><strong>470 руб.</strong></td>\r\n\t\t</tr>\r\n\t\t<tr>\r\n\t\t\t<td style=\"text-align:center\">Взрослые</td>\r\n\t\t\t<td style=\"text-align:center\"><strong>1110 руб.</strong></td>\r\n\t\t</tr>\r\n\t</tbody>\r\n</table>\r\n\r\n<table align=\"center\" border=\"0\" cellpadding=\"0\" cellspacing=\"0\" style=\"width:500px\">\r\n\t<caption>Абонемент на 60 дней, включает 8 сеансов</caption>\r\n\t<tbody>\r\n\t\t<tr>\r\n\t\t\t<td style=\"text-align:center\">Дети до 17 лет</td>\r\n\t\t\t<td style=\"text-align:center\"><strong>930 руб.</strong></td>\r\n\t\t</tr>\r\n\t\t<tr>\r\n\t\t\t<td style=\"text-align:center\">Взрослые</td>\r\n\t\t\t<td style=\"text-align:center\"><strong>2150 руб.</strong></td>\r\n\t\t</tr>\r\n\t</tbody>\r\n</table>\r\n\r\n<table align=\"center\" border=\"0\" cellpadding=\"0\" cellspacing=\"0\" style=\"width:500px\">\r\n\t<caption>Абонемент на 60 дней, включает 12 сеансов</caption>\r\n\t<tbody>\r\n\t\t<tr>\r\n\t\t\t<td style=\"text-align:center\">Дети до 17 лет</td>\r\n\t\t\t<td style=\"text-align:center\"><strong>1350 руб.</strong></td>\r\n\t\t</tr>\r\n\t\t<tr>\r\n\t\t\t<td style=\"text-align:center\">Взрослые</td>\r\n\t\t\t<td style=\"text-align:center\"><strong>3150 руб.</strong></td>\r\n\t\t</tr>\r\n\t</tbody>\r\n</table>",
            "category": "sport",
            "slug": "abonement-60-dnej-v-lyuboe-vremya",
            "typeservice": 2,
            "order": 750
        }
    },
    {
        "model": "app_services.service",
        "pk": 16,
        "fields": {
            "name": "Выделение отдельной дорожки",
            "description": "<h6 style=\"text-align:center\">Оказание услуг с выделением отдельной дорожки (сеанс 45 мин.)</h6>\r\n\r\n<table align=\"center\" border=\"0\" cellpadding=\"0\" cellspacing=\"0\" style=\"width:500px\">\r\n\t<tbody>\r\n\t\t<tr>\r\n\t\t\t<td rowspan=\"2\">\r\n\t\t\t<p style=\"text-align:center\"><strong>Время посещения</strong></p>\r\n\t\t\t</td>\r\n\t\t\t<td colspan=\"2\">\r\n\t\t\t<p style=\"text-align:center\"><strong>Стоимость в руб. (НДС не облагается)</strong></p>\r\n\t\t\t</td>\r\n\t\t</tr>\r\n\t\t<tr>\r\n\t\t\t<td>\r\n\t\t\t<p style=\"text-align:center\"><strong>Дорожка</strong></p>\r\n\t\t\t</td>\r\n\t\t\t<td>\r\n\t\t\t<p style=\"text-align:center\"><strong>&frac12; дорожки* / (0 дорожка)</strong></p>\r\n\t\t\t</td>\r\n\t\t</tr>\r\n\t\t<tr>\r\n\t\t\t<td>\r\n\t\t\t<p style=\"text-align:center\"><strong>Будние дни: с 7:00 ч. до 17:00 ч.</strong></p>\r\n\t\t\t</td>\r\n\t\t\t<td>\r\n\t\t\t<p style=\"text-align:center\"><strong>2&nbsp;000 руб.</strong></p>\r\n\t\t\t</td>\r\n\t\t\t<td>\r\n\t\t\t<p style=\"text-align:center\"><strong>1&nbsp;200 руб.</strong></p>\r\n\t\t\t</td>\r\n\t\t</tr>\r\n\t\t<tr>\r\n\t\t\t<td>\r\n\t\t\t<p style=\"text-align:center\"><strong>Будние дни: с 17:00 ч.</strong></p>\r\n\r\n\t\t\t<p style=\"text-align:center\"><strong>Выходной и праздничные дни</strong></p>\r\n\t\t\t</td>\r\n\t\t\t<td>\r\n\t\t\t<p style=\"text-align:center\"><strong>2&nbsp;600 руб.</strong></p>\r\n\t\t\t</td>\r\n\t\t\t<td>\r\n\t\t\t<p style=\"text-align:center\"><strong>1&nbsp;560 руб.</strong></p>\r\n\t\t\t</td>\r\n\t\t</tr>\r\n\t\t<tr>\r\n\t\t\t<td>\r\n\t\t\t<p style=\"text-align:center\"><strong>Максимальное количество человек</strong></p>\r\n\t\t\t</td>\r\n\t\t\t<td>\r\n\t\t\t<p style=\"text-align:center\"><strong>&nbsp;До 12</strong></p>\r\n\t\t\t</td>\r\n\t\t\t<td>\r\n\t\t\t<p style=\"text-align:center\"><strong>&nbsp;До 6 чел.</strong></p>\r\n\r\n\t\t\t<p style=\"text-align:center\"><strong>Акваэробика / фитнес &ndash; до 15 чел.</strong></p>\r\n\t\t\t</td>\r\n\t\t</tr>\r\n\t\t<tr>\r\n\t\t\t<td>\r\n\t\t\t<p style=\"text-align:center\"><strong>Сеанс 20:15 ч. &ndash; 21:45</strong></p>\r\n\t\t\t</td>\r\n\t\t\t<td colspan=\"2\">\r\n\t\t\t<p style=\"text-align:center\"><strong>2&nbsp;800** руб. &ndash; за 3 дорожки для водного поло &ndash; до 15 человек (№ дорожки определятся по загрузке &ndash; &frac12; часть)</strong></p>\r\n\t\t\t</td>\r\n\t\t</tr>\r\n\t</tbody>\r\n</table>",
            "category": "sport",
            "slug": "vydelenie-otdelnoj-dorozhki",
            "typeservice": 2,
            "order": 500
        }
    },
    {
        "model": "app_services.service",
        "pk": 17,
        "fields": {
            "name": "Абонемент 30 дней Тренажерный зал «Атлет» на ФСК",
            "description": "<table align=\"center\" style=\"width:500px\">\r\n\t<tbody>\r\n\t\t<tr>\r\n\t\t\t<td rowspan=\"2\" style=\"text-align:center\"><strong>Наименование посещения</strong></td>\r\n\t\t</tr>\r\n\t\t<tr>\r\n\t\t\t<td style=\"text-align:center\"><strong>4 занятия</strong></td>\r\n\t\t\t<td style=\"text-align:center\"><strong>8 занятий</strong></td>\r\n\t\t\t<td style=\"text-align:center\"><strong>12 занятий</strong></td>\r\n\t\t</tr>\r\n\t\t<tr>\r\n\t\t\t<td style=\"text-align:center\"><strong>Самостоятельное с 9:00 до 17:00</strong></td>\r\n\t\t\t<td style=\"text-align:center\"><strong>650 руб.</strong></td>\r\n\t\t\t<td style=\"text-align:center\"><strong>1 200 руб.</strong></td>\r\n\t\t\t<td style=\"text-align:center\"><strong>1 700 руб.</strong></td>\r\n\t\t</tr>\r\n\t\t<tr>\r\n\t\t\t<td style=\"text-align:center\"><strong>Самостоятельное с 9:00 до 21:00</strong></td>\r\n\t\t\t<td style=\"text-align:center\"><strong>850 руб.</strong></td>\r\n\t\t\t<td style=\"text-align:center\"><strong>1 500 руб.</strong></td>\r\n\t\t\t<td style=\"text-align:center\"><strong>2 100 руб.</strong></td>\r\n\t\t</tr>\r\n\t\t<tr>\r\n\t\t\t<td style=\"text-align:center\"><strong>С инструктором по записи в группу от 2 чел.</strong></td>\r\n\t\t\t<td style=\"text-align:center\"><strong>1 650 руб.</strong></td>\r\n\t\t\t<td style=\"text-align:center\"><strong>2 950 руб.</strong></td>\r\n\t\t\t<td style=\"text-align:center\"><strong>4 250 руб.</strong></td>\r\n\t\t</tr>\r\n\t\t<tr>\r\n\t\t\t<td style=\"text-align:center\"><strong>С инструктором по записи индивидуально</strong></td>\r\n\t\t\t<td style=\"text-align:center\"><strong>1 850 руб.</strong></td>\r\n\t\t\t<td style=\"text-align:center\"><strong>3 300 руб.</strong></td>\r\n\t\t\t<td style=\"text-align:center\"><strong>4 600 руб.</strong></td>\r\n\t\t</tr>\r\n\t</tbody>\r\n</table>",
            "category": "sport",
            "slug": "trenazhernyj-zal-atlet-na-fsk",
            "typeservice": 4,
            "order": 900
        }
    },
    {
        "model": "app_services.service",
        "pk": 18,
        "fields": {
            "name": "Абонемент 30 дней. Тренажерный зал «Атлет» в РЦЕ «ПАТРИОТ»",
            "description": "<table style=\"width:675px\">\r\n\t<tbody>\r\n\t\t<tr>\r\n\t\t\t<td rowspan=\"2\">\r\n\t\t\t<p style=\"text-align:center\"><strong>Наименование посещения</strong></p>\r\n\t\t\t</td>\r\n\t\t</tr>\r\n\t\t<tr>\r\n\t\t\t<td style=\"text-align:center\"><strong>4 занятия</strong></td>\r\n\t\t\t<td>\r\n\t\t\t<p style=\"text-align:center\"><strong>8 занятий</strong></p>\r\n\t\t\t</td>\r\n\t\t\t<td>\r\n\t\t\t<p style=\"text-align:center\"><strong>12 занятий</strong></p>\r\n\t\t\t</td>\r\n\t\t</tr>\r\n\t\t<tr>\r\n\t\t\t<td>\r\n\t\t\t<p style=\"text-align:center\">Самостоятельное</p>\r\n\t\t\t</td>\r\n\t\t\t<td>\r\n\t\t\t<p style=\"text-align:center\">900</p>\r\n\t\t\t</td>\r\n\t\t\t<td>\r\n\t\t\t<p style=\"text-align:center\">1 500</p>\r\n\t\t\t</td>\r\n\t\t\t<td>\r\n\t\t\t<p style=\"text-align:center\">2 100</p>\r\n\t\t\t</td>\r\n\t\t</tr>\r\n\t\t<tr>\r\n\t\t\t<td>\r\n\t\t\t<p style=\"text-align:center\">С инструктором по записи в группе</p>\r\n\t\t\t</td>\r\n\t\t\t<td>\r\n\t\t\t<p style=\"text-align:center\">2000</p>\r\n\t\t\t</td>\r\n\t\t\t<td>\r\n\t\t\t<p style=\"text-align:center\">3600</p>\r\n\t\t\t</td>\r\n\t\t\t<td>\r\n\t\t\t<p style=\"text-align:center\">4800</p>\r\n\t\t\t</td>\r\n\t\t</tr>\r\n\t\t<tr>\r\n\t\t\t<td>\r\n\t\t\t<p style=\"text-align:center\">Индивидуальное занятие или групповое занятие с инструктором Алксеем Боровицким</p>\r\n\t\t\t</td>\r\n\t\t\t<td>\r\n\t\t\t<p style=\"text-align:center\">2200</p>\r\n\t\t\t</td>\r\n\t\t\t<td>\r\n\t\t\t<p style=\"text-align:center\">3900</p>\r\n\t\t\t</td>\r\n\t\t\t<td>\r\n\t\t\t<p style=\"text-align:center\">5350</p>\r\n\t\t\t</td>\r\n\t\t</tr>\r\n\t</tbody>\r\n</table>",
            "category": "sport",
            "slug": "trenazhernyj-zal-atlet-v-centre-edinoborstv-patriot",
            "typeservice": 4,
            "order": 1000
        }
    },
    {
        "model": "app_services.service",
        "pk": 19,
        "fields": {
            "name": "Разовое посещение Тренажерный зал \"Атлет\" на ФСК",
            "description": "<table align=\"center\" border=\"0\" cellpadding=\"0\" cellspacing=\"0\" style=\"width:500px\">\r\n\t<tbody>\r\n\t\t<tr>\r\n\t\t\t<td style=\"text-align:center\">Самостоятельно с 9:00 до 17:00</td>\r\n\t\t\t<td style=\"text-align:center\">250 руб.</td>\r\n\t\t</tr>\r\n\t\t<tr>\r\n\t\t\t<td style=\"text-align:center\">Самостоятельно с 9:00 до 21:00</td>\r\n\t\t\t<td style=\"text-align:center\">250 руб.</td>\r\n\t\t</tr>\r\n\t\t<tr>\r\n\t\t\t<td style=\"text-align:center\">С инструктором по записи в группу от 2 чел.</td>\r\n\t\t\t<td style=\"text-align:center\">550 руб.</td>\r\n\t\t</tr>\r\n\t\t<tr>\r\n\t\t\t<td style=\"text-align:center\">С инструктором по записи индивидуально</td>\r\n\t\t\t<td style=\"text-align:center\">650 руб.</td>\r\n\t\t</tr>\r\n\t</tbody>\r\n</table>\r\n\r\n<p>&nbsp;</p>",
            "category": "sport",
            "slug": "razovoe-poseshenie-trenazhernyj-zal-atlet-na-fsk",
            "typeservice": 4,
            "order": 50
        }
    },
    {
        "model": "app_services.service",
        "pk": 20,
        "fields": {
            "name": "Разовое посещение Тренажерного зала \"Атлет\" в РЦЕ \"Патриот\"",
            "description": "<table align=\"center\" border=\"0\" cellpadding=\"10\" cellspacing=\"0\" style=\"width:500px\">\r\n\t<tbody>\r\n\t\t<tr>\r\n\t\t\t<td>Самостоятельное</td>\r\n\t\t\t<td>250 руб.</td>\r\n\t\t</tr>\r\n\t\t<tr>\r\n\t\t\t<td>С инструктором по записи в группе</td>\r\n\t\t\t<td>550 руб.</td>\r\n\t\t</tr>\r\n\t\t<tr>\r\n\t\t\t<td>Индивидуальное или груповое занятие с инструктором Алексеем Боровитским</td>\r\n\t\t\t<td>650 руб.</td>\r\n\t\t</tr>\r\n\t</tbody>\r\n</table>\r\n\r\n<p>&nbsp;</p>",
            "category": "sport",
            "slug": "razovoe-poseshenie-trenazhernogo-zala-v-rce-patriot",
            "typeservice": 4,
            "order": 800
        }
    },
    {
        "model": "app_services.service",
        "pk": 21,
        "fields": {
            "name": "Fly фитнес с инструктором по записи от 2 человек в центральном стадионе",
            "description": "<table style=\"width:675px\">\r\n\t<tbody>\r\n\t\t<tr>\r\n\t\t\t<td rowspan=\"3\">\r\n\t\t\t<p>Fly &mdash; фитнес с инструктором по записи от 2 человек&nbsp;</p>\r\n\t\t\t</td>\r\n\t\t\t<td rowspan=\"2\">1 занятие</td>\r\n\t\t\t<td colspan=\"3\"><strong>АБОНЕМЕНТЫ 30 дней</strong></td>\r\n\t\t</tr>\r\n\t\t<tr>\r\n\t\t\t<td>4 занятия</td>\r\n\t\t\t<td>8 занятий</td>\r\n\t\t\t<td>12 занятий</td>\r\n\t\t</tr>\r\n\t\t<tr>\r\n\t\t\t<td>500</td>\r\n\t\t\t<td>1500</td>\r\n\t\t\t<td>2500</td>\r\n\t\t\t<td>3000</td>\r\n\t\t</tr>\r\n\t</tbody>\r\n</table>",
            "category": "sport",
            "slug": "fly-fitnes-s-instruktorom-po-zapisi-ot-2-chelovek",
            "typeservice": 4,
            "order": 100
        }
    },
    {
        "model": "app_services.service",
        "pk": 22,
        "fields": {
            "name": "Абонемент 30 дней в тренажерный зал \"Атлет\" на центральном стадионе",
            "description": "<table>\r\n\t<tbody>\r\n\t\t<tr>\r\n\t\t\t<td rowspan=\"3\"><strong>Наименование посещения</strong></td>\r\n\t\t\t<td colspan=\"4\"><strong>Стоимость в руб. (НДС не облагается)</strong></td>\r\n\t\t</tr>\r\n\t\t<tr>\r\n\t\t\t<td rowspan=\"2\"><strong>1 занятие</strong></td>\r\n\t\t\t<td colspan=\"3\"><strong>АБОНЕМЕНТЫ**</strong></td>\r\n\t\t</tr>\r\n\t\t<tr>\r\n\t\t\t<td><strong>4 занятия</strong></td>\r\n\t\t\t<td><strong>8 занятий</strong></td>\r\n\t\t\t<td><strong>12 занятий</strong></td>\r\n\t\t</tr>\r\n\t\t<tr>\r\n\t\t\t<td>\r\n\t\t\t<p><strong>Самостоятельное с 9:00 до 17:00</strong></p>\r\n\t\t\t</td>\r\n\t\t\t<td rowspan=\"2\">\r\n\t\t\t<p><strong>250 руб.</strong></p>\r\n\t\t\t</td>\r\n\t\t\t<td>\r\n\t\t\t<p><strong>650 руб.</strong></p>\r\n\t\t\t</td>\r\n\t\t\t<td>\r\n\t\t\t<p><strong>1&nbsp;200 руб.</strong></p>\r\n\t\t\t</td>\r\n\t\t\t<td>\r\n\t\t\t<p><strong>1&nbsp;700 руб.</strong></p>\r\n\t\t\t</td>\r\n\t\t</tr>\r\n\t\t<tr>\r\n\t\t\t<td>\r\n\t\t\t<p><strong>Самостоятельное с 9:00 до 21:00</strong></p>\r\n\t\t\t</td>\r\n\t\t\t<td>\r\n\t\t\t<p><strong>850 руб.</strong></p>\r\n\t\t\t</td>\r\n\t\t\t<td>\r\n\t\t\t<p><strong>1&nbsp;500 руб.</strong></p>\r\n\t\t\t</td>\r\n\t\t\t<td>\r\n\t\t\t<p><strong>2&nbsp;100 руб.</strong></p>\r\n\t\t\t</td>\r\n\t\t</tr>\r\n\t\t<tr>\r\n\t\t\t<td>\r\n\t\t\t<p><strong>С инструктором по записи в группу от 2 чел.</strong></p>\r\n\t\t\t</td>\r\n\t\t\t<td>\r\n\t\t\t<p><strong>550 руб.</strong></p>\r\n\t\t\t</td>\r\n\t\t\t<td>\r\n\t\t\t<p><strong>1&nbsp;650 руб.</strong></p>\r\n\t\t\t</td>\r\n\t\t\t<td>\r\n\t\t\t<p><strong>2&nbsp;950 руб.</strong></p>\r\n\t\t\t</td>\r\n\t\t\t<td>\r\n\t\t\t<p><strong>4&nbsp;250 руб.</strong></p>\r\n\t\t\t</td>\r\n\t\t</tr>\r\n\t\t<tr>\r\n\t\t\t<td>\r\n\t\t\t<p><strong>С инструктором индивидуально</strong></p>\r\n\t\t\t</td>\r\n\t\t\t<td>\r\n\t\t\t<p><strong>650 руб.</strong></p>\r\n\t\t\t</td>\r\n\t\t\t<td>\r\n\t\t\t<p><strong>1&nbsp;850 руб.</strong></p>\r\n\t\t\t</td>\r\n\t\t\t<td>\r\n\t\t\t<p><strong>3&nbsp;300 руб.</strong></p>\r\n\t\t\t</td>\r\n\t\t\t<td>\r\n\t\t\t<p><strong>4&nbsp;600 руб.</strong></p>\r\n\t\t\t</td>\r\n\t\t</tr>\r\n\t\t<tr>\r\n\t\t\t<td>\r\n\t\t\t<p><strong>Индивидуальное- групповое занятие с тренером Алиной Тюкавкиной</strong></p>\r\n\t\t\t</td>\r\n\t\t\t<td>\r\n\t\t\t<p><strong>650 руб.</strong></p>\r\n\t\t\t</td>\r\n\t\t\t<td>\r\n\t\t\t<p><strong>2 200 руб.</strong></p>\r\n\t\t\t</td>\r\n\t\t\t<td>\r\n\t\t\t<p><strong>3 900 руб.</strong></p>\r\n\t\t\t</td>\r\n\t\t\t<td>\r\n\t\t\t<p><strong>5 350 руб.</strong></p>\r\n\t\t\t</td>\r\n\t\t</tr>\r\n\t</tbody>\r\n</table>",
            "category": "sport",
            "slug": "abonement-30-dnej-v-trenazhernyj-zal-atlet-na-centralnom-stadione",
            "typeservice": 4,
            "order": 100
        }
    },
    {
        "model": "app_services.service",
        "pk": 23,
        "fields": {
            "name": "Разовая стрельба из лука",
            "description": "<table align=\"center\" border=\"0\" cellpadding=\"0\" cellspacing=\"0\" style=\"width:500px\">\r\n\t<caption>Разовое занятие по стрельбе из лука (60 мин.)</caption>\r\n\t<tbody>\r\n\t\t<tr>\r\n\t\t\t<td style=\"text-align:center\">Детский</td>\r\n\t\t\t<td style=\"text-align:center\"><strong>350 руб.</strong></td>\r\n\t\t</tr>\r\n\t\t<tr>\r\n\t\t\t<td style=\"text-align:center\">Взрослые</td>\r\n\t\t\t<td style=\"text-align:center\"><strong>700 руб.</strong></td>\r\n\t\t</tr>\r\n\t\t<tr>\r\n\t\t\t<td style=\"text-align:center\">Индивидуальные занятия</td>\r\n\t\t\t<td style=\"text-align:center\"><strong>700 руб.</strong></td>\r\n\t\t</tr>\r\n\t</tbody>\r\n</table>\r\n\r\n<p>&nbsp;</p>",
            "category": "sport",
            "slug": "razovaya-strelba-iz-luka",
            "typeservice": 11,
            "order": 500
        }
    },
    {
        "model": "app_services.service",
        "pk": 24,
        "fields": {
            "name": "Абонемент 30 дней 12 занятий по стрельбе из лука",
            "description": "<table align=\"center\" border=\"0\" cellpadding=\"0\" cellspacing=\"0\" style=\"width:500px\">\r\n\t<caption>\r\n\t<p style=\"text-align:center\">Абонемент 30 дней 12 занятий</p>\r\n\t</caption>\r\n\t<tbody>\r\n\t\t<tr>\r\n\t\t\t<td style=\"text-align:center\">Взрослый</td>\r\n\t\t\t<td style=\"text-align:center\"><strong>5000 руб.</strong></td>\r\n\t\t</tr>\r\n\t\t<tr>\r\n\t\t\t<td style=\"text-align:center\">Детский</td>\r\n\t\t\t<td style=\"text-align:center\"><strong>3000 руб.</strong></td>\r\n\t\t</tr>\r\n\t</tbody>\r\n</table>\r\n\r\n<p>&nbsp;</p>",
            "category": "sport",
            "slug": "abonement-30-dnej-12-zanyatij",
            "typeservice": 11,
            "order": 1900
        }
    },
    {
        "model": "app_services.service",
        "pk": 25,
        "fields": {
            "name": "Предоставление футбольной площадки по будням",
            "description": "<p>&nbsp;</p>\r\n\r\n<table align=\"center\" border=\"0\" cellpadding=\"0\" cellspacing=\"0\" style=\"width:500px\">\r\n\t<tbody>\r\n\t\t<tr>\r\n\t\t\t<td>\r\n\t\t\t<p style=\"text-align:center\">Предоставление футбольной площадки по будням</p>\r\n\r\n\t\t\t<p style=\"text-align:center\">с 12:00 до 15:00 (60 мин.)</p>\r\n\t\t\t</td>\r\n\t\t\t<td style=\"text-align:center\"><strong>500 руб.</strong></td>\r\n\t\t</tr>\r\n\t\t<tr>\r\n\t\t\t<td style=\"text-align:center\">Раздевалка на футбольной площадке&nbsp;</td>\r\n\t\t\t<td style=\"text-align:center\"><strong>200 руб.</strong></td>\r\n\t\t</tr>\r\n\t</tbody>\r\n</table>\r\n\r\n<p>&nbsp;</p>",
            "category": "sport",
            "slug": "predostavlenie-futbolnoj-ploshadki-po-budnyam",
            "typeservice": 3,
            "order": 100
        }
    },
    {
        "model": "app_services.service",
        "pk": 26,
        "fields": {
            "name": "Предоставление футбольной площадки с 17 часов в любой день",
            "description": "<table align=\"center\" border=\"0\" cellpadding=\"0\" cellspacing=\"0\">\r\n\t<tbody>\r\n\t\t<tr>\r\n\t\t\t<td>\r\n\t\t\t<p>Предоставление футбольной площадки ежедневно</p>\r\n\r\n\t\t\t<p>с 17:00&nbsp;(60 мин.)</p>\r\n\t\t\t</td>\r\n\t\t\t<td><strong>900 руб.</strong></td>\r\n\t\t</tr>\r\n\t\t<tr>\r\n\t\t\t<td>Раздевалка на футбольной площадке&nbsp;</td>\r\n\t\t\t<td><strong>200 руб.</strong></td>\r\n\t\t</tr>\r\n\t</tbody>\r\n</table>",
            "category": "sport",
            "slug": "predostavlenie-futbolnoj-ploshadki-s-17-chasov-v-lyuboj-den",
            "typeservice": 3,
            "order": 100
        }
    },
    {
        "model": "app_services.service",
        "pk": 27,
        "fields": {
            "name": "Предоставление футбольной площадки ежедневно после 22 часов",
            "description": "<table align=\"center\" border=\"0\" cellpadding=\"0\" cellspacing=\"0\">\r\n\t<tbody>\r\n\t\t<tr>\r\n\t\t\t<td>\r\n\t\t\t<p>Предоставление футбольной площадки еденевно</p>\r\n\r\n\t\t\t<p>после 22 часов (60 мин.)</p>\r\n\t\t\t</td>\r\n\t\t\t<td><strong>700 руб.</strong></td>\r\n\t\t</tr>\r\n\t\t<tr>\r\n\t\t\t<td>Раздевалка на футбольной площадке&nbsp;</td>\r\n\t\t\t<td><strong>200 руб.</strong></td>\r\n\t\t</tr>\r\n\t</tbody>\r\n</table>",
            "category": "sport",
            "slug": "predostavlenie-futbolnoj-ploshadki-ezhednevno-posle-22-chasov",
            "typeservice": 3,
            "order": 100
        }
    },
    {
        "model": "app_services.service",
        "pk": 28,
        "fields": {
            "name": "Предоставление футбольной площадки ежедневно с 8 до 17 часов",
            "description": "<table align=\"center\" border=\"0\" cellpadding=\"0\" cellspacing=\"0\">\r\n\t<tbody>\r\n\t\t<tr>\r\n\t\t\t<td>\r\n\t\t\t<p>Предоставление футбольной площадки ежедневно</p>\r\n\r\n\t\t\t<p>с 08:00 до 17:00 (60 мин.)</p>\r\n\t\t\t</td>\r\n\t\t\t<td><strong>700 руб.</strong></td>\r\n\t\t</tr>\r\n\t\t<tr>\r\n\t\t\t<td>Раздевалка на футбольной площадке&nbsp;</td>\r\n\t\t\t<td><strong>200 руб.</strong></td>\r\n\t\t</tr>\r\n\t</tbody>\r\n</table>",
            "category": "sport",
            "slug": "predostavlenie-futbolnoj-ploshadki-ezhednevno-s-8-do-17-chasov",
            "typeservice": 3,
            "order": 100
        }
    },
    {
        "model": "app_services.service",
        "pk": 29,
        "fields": {
            "name": "Абонемент 30 дней  в тренажерном зале Лукодрома",
            "description": "<table align=\"center\" border=\"0\" cellpadding=\"0\" cellspacing=\"0\" style=\"width:500px\">\r\n\t<tbody>\r\n\t\t<tr>\r\n\t\t\t<td>12 самостоятельных занятий в любое время</td>\r\n\t\t\t<td style=\"text-align:center\"><strong>2000 руб.</strong></td>\r\n\t\t</tr>\r\n\t\t<tr>\r\n\t\t\t<td>12 самостоятельных занятий с 9:00 до 17:00</td>\r\n\t\t\t<td style=\"text-align:center\"><strong>1600 руб.</strong></td>\r\n\t\t</tr>\r\n\t\t<tr>\r\n\t\t\t<td>4 самостоятельных занятия в любое время</td>\r\n\t\t\t<td style=\"text-align:center\"><strong>750 руб.</strong></td>\r\n\t\t</tr>\r\n\t\t<tr>\r\n\t\t\t<td>4 самостоятельных занятия с 9:00 до 17:00</td>\r\n\t\t\t<td style=\"text-align:center\"><strong>570 руб.</strong></td>\r\n\t\t</tr>\r\n\t\t<tr>\r\n\t\t\t<td>8 самостоятельных занятий в любое время</td>\r\n\t\t\t<td style=\"text-align:center\"><strong>1400 руб.</strong></td>\r\n\t\t</tr>\r\n\t\t<tr>\r\n\t\t\t<td>8 самостоятельных зянятий с 9:00 до 17:00&nbsp;</td>\r\n\t\t\t<td style=\"text-align:center\"><strong>1100 руб.</strong></td>\r\n\t\t</tr>\r\n\t\t<tr>\r\n\t\t\t<td>Безлимит</td>\r\n\t\t\t<td style=\"text-align:center\"><strong>3000 руб.</strong></td>\r\n\t\t</tr>\r\n\t</tbody>\r\n</table>\r\n\r\n<p>&nbsp;</p>",
            "category": "sport",
            "slug": "abonement-30-dnej-na-samostoyatelnye-zanyatiya",
            "typeservice": 4,
            "order": 100
        }
    },
    {
        "model": "app_services.service",
        "pk": 30,
        "fields": {
            "name": "Предоставление спортивного зала для единоборств в ФСК",
            "description": "<table align=\"center\" border=\"0\" cellpadding=\"0\" cellspacing=\"0\" style=\"width:500px\">\r\n\t<tbody>\r\n\t\t<tr>\r\n\t\t\t<td style=\"text-align:center\">Предоставление 1/2 зала для единоборств 60 минут</td>\r\n\t\t\t<td style=\"text-align:center\"><strong>1200 руб.</strong></td>\r\n\t\t</tr>\r\n\t\t<tr>\r\n\t\t\t<td style=\"text-align:center\">Предоставление 1/3 зала для единоборств 60 минут</td>\r\n\t\t\t<td style=\"text-align:center\"><strong>800 руб.</strong></td>\r\n\t\t</tr>\r\n\t\t<tr>\r\n\t\t\t<td style=\"text-align:center\">Предоставление всего зала для единоборств 60 минут</td>\r\n\t\t\t<td style=\"text-align:center\"><strong>1600 руб.</strong></td>\r\n\t\t</tr>\r\n\t\t<tr>\r\n\t\t\t<td>&nbsp;</td>\r\n\t\t\t<td>&nbsp;</td>\r\n\t\t</tr>\r\n\t\t<tr>\r\n\t\t\t<td>&nbsp;</td>\r\n\t\t\t<td>&nbsp;</td>\r\n\t\t</tr>\r\n\t</tbody>\r\n</table>\r\n\r\n<p>&nbsp;</p>",
            "category": "sport",
            "slug": "predostavlenie-sportivnogo-zala-dlya-edinoborstv",
            "typeservice": 1,
            "order": 100
        }
    },
    {
        "model": "app_services.service",
        "pk": 31,
        "fields": {
            "name": "Тренировочные занятия в универсальном зале ФСК",
            "description": "<table align=\"center\" border=\"0\" cellpadding=\"0\" cellspacing=\"0\" style=\"width:500px\">\r\n\t<tbody>\r\n\t\t<tr>\r\n\t\t\t<td>\r\n\t\t\t<p style=\"text-align:center\">Тренировочные занятия в 1/3 универсального зала</p>\r\n\r\n\t\t\t<p style=\"text-align:center\">в будние дни до 17:00</p>\r\n\t\t\t</td>\r\n\t\t\t<td style=\"text-align:center\"><strong>900 руб.</strong></td>\r\n\t\t</tr>\r\n\t\t<tr>\r\n\t\t\t<td>\r\n\t\t\t<p style=\"text-align:center\">Тренировочные занятия во всем универсальном&nbsp;зале</p>\r\n\r\n\t\t\t<p style=\"text-align:center\">в будние дни до 17:00</p>\r\n\t\t\t</td>\r\n\t\t\t<td style=\"text-align:center\"><strong>2250 руб.</strong></td>\r\n\t\t</tr>\r\n\t\t<tr>\r\n\t\t\t<td>\r\n\t\t\t<p style=\"text-align:center\">Тренировочные занятия в 1/3 универсального зала</p>\r\n\r\n\t\t\t<p style=\"text-align:center\">в выходные дни и в будни после&nbsp;17:00</p>\r\n\t\t\t</td>\r\n\t\t\t<td style=\"text-align:center\"><strong>1350 руб.</strong></td>\r\n\t\t</tr>\r\n\t\t<tr>\r\n\t\t\t<td>\r\n\t\t\t<p style=\"text-align:center\">Тренировочные занятия во всем универсальном&nbsp;зале</p>\r\n\r\n\t\t\t<p style=\"text-align:center\">в выходные дни и в будни после&nbsp;17:00</p>\r\n\t\t\t</td>\r\n\t\t\t<td style=\"text-align:center\"><strong>3400 руб.</strong></td>\r\n\t\t</tr>\r\n\t</tbody>\r\n</table>\r\n\r\n<p>&nbsp;</p>",
            "category": "sport",
            "slug": "trenirovochnye-zanyatiya-v-universalnom-zale-fsk",
            "typeservice": 1,
            "order": 100
        }
    },
    {
        "model": "app_services.service",
        "pk": 32,
        "fields": {
            "name": "Настольный теннис",
            "description": "<table align=\"center\" border=\"0\" cellpadding=\"0\" cellspacing=\"0\" style=\"width:500px\">\r\n\t<tbody>\r\n\t\t<tr>\r\n\t\t\t<td style=\"text-align:center\">Разово с 12:00 до 15:00 для лиц старше 60 лет за чел.</td>\r\n\t\t\t<td style=\"text-align:center\"><strong>100 руб.</strong></td>\r\n\t\t</tr>\r\n\t\t<tr>\r\n\t\t\t<td style=\"text-align:center\">Настольный теннис с 18:30 до 21:30 за чел&nbsp;</td>\r\n\t\t\t<td style=\"text-align:center\"><strong>200 руб.</strong></td>\r\n\t\t</tr>\r\n\t\t<tr>\r\n\t\t\t<td style=\"text-align:center\">Абонент настольный тенис на 30 дней для лиц старше 60 лет</td>\r\n\t\t\t<td style=\"text-align:center\"><strong>750 руб.</strong></td>\r\n\t\t</tr>\r\n\t\t<tr>\r\n\t\t\t<td style=\"text-align:center\">Абонент на 30 дней</td>\r\n\t\t\t<td style=\"text-align:center\"><strong>1500 руб.</strong></td>\r\n\t\t</tr>\r\n\t</tbody>\r\n</table>\r\n\r\n<p>&nbsp;</p>",
            "category": "sport",
            "slug": "nastolnyj-tennis",
            "typeservice": 1,
            "order": 100
        }
    },
    {
        "model": "app_services.service",
        "pk": 33,
        "fields": {
            "name": "Тренировочные занятия в фитнес-зале фойе ФСК",
            "description": "<table border=\"0\" cellpadding=\"0\" cellspacing=\"0\" style=\"width:500px\">\r\n\t<tbody>\r\n\t\t<tr>\r\n\t\t\t<td>Тренировочные занятия в фитнес-зале фойе ФСК 60 мин</td>\r\n\t\t\t<td>500 руб.</td>\r\n\t\t</tr>\r\n\t\t<tr>\r\n\t\t\t<td>Тренировочные занятия в фитнес-зале фойе ФСК до 17:00 60 мин</td>\r\n\t\t\t<td>600 руб.</td>\r\n\t\t</tr>\r\n\t\t<tr>\r\n\t\t\t<td>Тренировочные занятия в фитнес-зале фойе ФСК после 17:00 60 мин</td>\r\n\t\t\t<td>800 руб.</td>\r\n\t\t</tr>\r\n\t\t<tr>\r\n\t\t\t<td>&nbsp;</td>\r\n\t\t\t<td>&nbsp;</td>\r\n\t\t</tr>\r\n\t</tbody>\r\n</table>\r\n\r\n<p>&nbsp;</p>",
            "category": "sport",
            "slug": "trenirovochnye-zanyatiya-v-fitnes-zale-foje-fsk",
            "typeservice": 1,
            "order": 100
        }
    },
    {
        "model": "app_services.service",
        "pk": 34,
        "fields": {
            "name": "Предоставление универсального зала РЦЕ",
            "description": "<table align=\"center\" border=\"0\" cellpadding=\"0\" cellspacing=\"0\" style=\"width:500px\">\r\n\t<tbody>\r\n\t\t<tr>\r\n\t\t\t<td style=\"text-align:center\">Предоставление 1/2 универсального зала РЦЕ 1 час</td>\r\n\t\t\t<td style=\"text-align:center\"><strong>1000 руб.</strong></td>\r\n\t\t</tr>\r\n\t\t<tr>\r\n\t\t\t<td style=\"text-align:center\">Предоставление всего универсального зала РЦЕ 1 час</td>\r\n\t\t\t<td style=\"text-align:center\"><strong>3200 руб.</strong></td>\r\n\t\t</tr>\r\n\t\t<tr>\r\n\t\t\t<td style=\"text-align:center\">Предоставление зала борьбы,бокса, восточ.единоборств</td>\r\n\t\t\t<td style=\"text-align:center\"><strong>1000 руб.</strong></td>\r\n\t\t</tr>\r\n\t\t<tr>\r\n\t\t\t<td style=\"text-align:center\">Предоставление зала дзюдо</td>\r\n\t\t\t<td style=\"text-align:center\"><strong>1000 руб.</strong></td>\r\n\t\t</tr>\r\n\t</tbody>\r\n</table>\r\n\r\n<p>&nbsp;</p>",
            "category": "sport",
            "slug": "predostavlenie-universalnogo-zala-rce",
            "typeservice": 1,
            "order": 100
        }
    },
    {
        "model": "app_services.service",
        "pk": 35,
        "fields": {
            "name": "Предостав. спорт.зала для тренир.занятий",
            "description": "<table align=\"center\" border=\"0\" cellpadding=\"0\" cellspacing=\"0\" style=\"width:500px\">\r\n\t<tbody>\r\n\t\t<tr>\r\n\t\t\t<td style=\"text-align:center\">Предостав. спорт.зала для тренир.занятий (весь зал 35Х75м)</td>\r\n\t\t\t<td style=\"text-align:center\"><strong>4500 руб.</strong></td>\r\n\t\t</tr>\r\n\t\t<tr>\r\n\t\t\t<td style=\"text-align:center\">Предостав. спорт.зала для тренир.занятий 1/2 зала (35Х38м)</td>\r\n\t\t\t<td style=\"text-align:center\"><strong>3500 руб.</strong></td>\r\n\t\t</tr>\r\n\t\t<tr>\r\n\t\t\t<td style=\"text-align:center\">Предостав. спорт.зала для тренир.занятий 1/4 зала (35Х19м)</td>\r\n\t\t\t<td style=\"text-align:center\"><strong>2000 руб.</strong></td>\r\n\t\t</tr>\r\n\t\t<tr>\r\n\t\t\t<td style=\"text-align:center\">Предостав. теннис (корт)</td>\r\n\t\t\t<td style=\"text-align:center\"><strong>800 руб.</strong></td>\r\n\t\t</tr>\r\n\t</tbody>\r\n</table>\r\n\r\n<p>&nbsp;</p>",
            "category": "sport",
            "slug": "predostav-sportzala-dlya-trenirzanyatij",
            "typeservice": 1,
            "order": 100
        }
    },
    {
        "model": "app_services.service",
        "pk": 36,
        "fields": {
            "name": "Каток",
            "description": "<table align=\"center\" border=\"0\" cellpadding=\"0\" cellspacing=\"0\" style=\"width:500px\">\r\n\t<tbody>\r\n\t\t<tr>\r\n\t\t\t<td>Физкультурно-оздоровительные занятия на коньках&nbsp; 60 мин</td>\r\n\t\t\t<td>150 руб.</td>\r\n\t\t</tr>\r\n\t\t<tr>\r\n\t\t\t<td>Заточка коньков</td>\r\n\t\t\t<td>150 руб.</td>\r\n\t\t</tr>\r\n\t\t<tr>\r\n\t\t\t<td>прокат КОНЬКИ</td>\r\n\t\t\t<td>250 руб.</td>\r\n\t\t</tr>\r\n\t\t<tr>\r\n\t\t\t<td>прокат КОНЬКИ 40%</td>\r\n\t\t\t<td>150 руб.</td>\r\n\t\t</tr>\r\n\t\t<tr>\r\n\t\t\t<td>прокат ЛЫЖИ</td>\r\n\t\t\t<td>150 руб.</td>\r\n\t\t</tr>\r\n\t</tbody>\r\n</table>\r\n\r\n<p>&nbsp;</p>",
            "category": "sport",
            "slug": "katok",
            "typeservice": 7,
            "order": 100
        }
    },
    {
        "model": "app_services.service",
        "pk": 37,
        "fields": {
            "name": "Групповые занятия на коньках",
            "description": "<table align=\"center\" border=\"0\" cellpadding=\"0\" cellspacing=\"0\" style=\"width:500px\">\r\n\t<tbody>\r\n\t\t<tr>\r\n\t\t\t<td>РУППОВЫЕ занятия на коньках &nbsp;/ чаша стадиона / с раздевалкой</td>\r\n\t\t\t<td>3000 руб.</td>\r\n\t\t</tr>\r\n\t\t<tr>\r\n\t\t\t<td>ГРУППОВЫЕ занятия на коньках / хоккейная коробка / с раздевалкой</td>\r\n\t\t\t<td>1500 руб.</td>\r\n\t\t</tr>\r\n\t\t<tr>\r\n\t\t\t<td>&nbsp;</td>\r\n\t\t\t<td>&nbsp;</td>\r\n\t\t</tr>\r\n\t</tbody>\r\n</table>\r\n\r\n<p>&nbsp;</p>",
            "category": "sport",
            "slug": "gruppovye-zanyatiya-na-konkah",
            "typeservice": 7,
            "order": 100
        }
    },
    {
        "model": "app_services.service",
        "pk": 38,
        "fields": {
            "name": "Физкультурно-оздоровительные ГРУППОВЫЕ занятия на беговых дорожках",
            "description": "<table align=\"center\" border=\"0\" cellpadding=\"0\" cellspacing=\"0\" style=\"width:500px\">\r\n\t<tbody>\r\n\t\t<tr>\r\n\t\t\t<td>ГРУППОВЫЕ занятия на беговых дорожках</td>\r\n\t\t\t<td>800 руб.</td>\r\n\t\t</tr>\r\n\t\t<tr>\r\n\t\t\t<td>ГРУППОВЫЕ занятия на беговых дорожках / свыше 10 чел.</td>\r\n\t\t\t<td>1600 руб.</td>\r\n\t\t</tr>\r\n\t\t<tr>\r\n\t\t\t<td>&nbsp;</td>\r\n\t\t\t<td>&nbsp;</td>\r\n\t\t</tr>\r\n\t</tbody>\r\n</table>\r\n\r\n<p>&nbsp;</p>",
            "category": "sport",
            "slug": "fizkulturno-ozdorovitelnye-gruppovye-zanyatiya-na-begovyh-dorozhkah",
            "typeservice": 13,
            "order": 100
        }
    },
    {
        "model": "app_services.service",
        "pk": 39,
        "fields": {
            "name": "Индивидуальные занятия на беговой дорожке",
            "description": "<table border=\"0\" cellpadding=\"0\" cellspacing=\"0\" style=\"width:500px\">\r\n\t<tbody>\r\n\t\t<tr>\r\n\t\t\t<td>\r\n\t\t\t<p>Физкультурно-оздоровительные занятия на беговых дорожках</p>\r\n\r\n\t\t\t<p>/ с раздевалкой</p>\r\n\t\t\t</td>\r\n\t\t\t<td>150 руб.</td>\r\n\t\t</tr>\r\n\t\t<tr>\r\n\t\t\t<td>&nbsp;</td>\r\n\t\t\t<td>&nbsp;</td>\r\n\t\t</tr>\r\n\t\t<tr>\r\n\t\t\t<td>&nbsp;</td>\r\n\t\t\t<td>&nbsp;</td>\r\n\t\t</tr>\r\n\t</tbody>\r\n</table>\r\n\r\n<p>&nbsp;</p>",
            "category": "sport",
            "slug": "individualnye-zanyatiya-na-begovoj-dorozhke",
            "typeservice": 13,
            "order": 100
        }
    },
    {
        "model": "app_services.service",
        "pk": 40,
        "fields": {
            "name": "Организ. стрельб для тренир.занятий",
            "description": "<table align=\"center\" border=\"0\" cellpadding=\"0\" cellspacing=\"0\" style=\"width:500px\">\r\n\t<tbody>\r\n\t\t<tr>\r\n\t\t\t<td>Организ. стрельб для тренир.занятий 25м (1 установка)</td>\r\n\t\t\t<td>300 руб.</td>\r\n\t\t</tr>\r\n\t\t<tr>\r\n\t\t\t<td>Организ. стрельб для тренир.занятий 25м (весь тир)</td>\r\n\t\t\t<td>3000 руб.</td>\r\n\t\t</tr>\r\n\t\t<tr>\r\n\t\t\t<td>Организ. стрельб для тренир.занятий 50м (1 направление)</td>\r\n\t\t\t<td>300 руб.</td>\r\n\t\t</tr>\r\n\t\t<tr>\r\n\t\t\t<td>Организ. стрельб для тренир.занятий 50м (весь тир)</td>\r\n\t\t\t<td>4000 руб.</td>\r\n\t\t</tr>\r\n\t\t<tr>\r\n\t\t\t<td>Организ. стрельб для тренир.занятий(1 установка) механич&nbsp;</td>\r\n\t\t\t<td>150 руб.</td>\r\n\t\t</tr>\r\n\t\t<tr>\r\n\t\t\t<td>Организ. стрельб для тренир.занятий(1 установка) электронная</td>\r\n\t\t\t<td>250 руб.</td>\r\n\t\t</tr>\r\n\t\t<tr>\r\n\t\t\t<td>Организ. стрельб для тренир.занятий(10 установок)</td>\r\n\t\t\t<td>2000 руб.</td>\r\n\t\t</tr>\r\n\t\t<tr>\r\n\t\t\t<td>Организ. стрельб для тренир.занятий(25 установок)</td>\r\n\t\t\t<td>5000 руб.</td>\r\n\t\t</tr>\r\n\t\t<tr>\r\n\t\t\t<td>Организ.зан.по пулев.стрельбе(с предостав.оружия, патронов и мишеней)</td>\r\n\t\t\t<td>40 руб.</td>\r\n\t\t</tr>\r\n\t</tbody>\r\n</table>\r\n\r\n<p>&nbsp;</p>",
            "category": "sport",
            "slug": "organiz-strelb-dlya-trenirzanyatij",
            "typeservice": 12,
            "order": 100
        }
    },
    {
        "model": "app_services.service",
        "pk": 41,
        "fields": {
            "name": "Абонемент на солярий",
            "description": "<table align=\"center\" border=\"0\" cellpadding=\"0\" cellspacing=\"0\" style=\"width:500px\">\r\n\t<tbody>\r\n\t\t<tr>\r\n\t\t\t<td style=\"text-align:center\">Солярий 100 минут 60 дней</td>\r\n\t\t\t<td style=\"text-align:center\"><strong>1100 руб.</strong></td>\r\n\t\t</tr>\r\n\t\t<tr>\r\n\t\t\t<td style=\"text-align:center\">Солярий 50 минут 60 дней</td>\r\n\t\t\t<td style=\"text-align:center\"><strong>650 руб.</strong></td>\r\n\t\t</tr>\r\n\t\t<tr>\r\n\t\t\t<td>&nbsp;</td>\r\n\t\t\t<td>&nbsp;</td>\r\n\t\t</tr>\r\n\t</tbody>\r\n</table>\r\n\r\n<p>&nbsp;</p>",
            "category": "relax",
            "slug": "abonement-na-solyarij",
            "typeservice": 8,
            "order": 100
        }
    },
    {
        "model": "app_services.service",
        "pk": 42,
        "fields": {
            "name": "Разовые услуги SPA ФСК",
            "description": "<table align=\"center\" border=\"0\" cellpadding=\"0\" cellspacing=\"0\" style=\"width:500px\">\r\n\t<tbody>\r\n\t\t<tr>\r\n\t\t\t<td>Массажная кровать / 20 мин</td>\r\n\t\t\t<td>120 руб.</td>\r\n\t\t</tr>\r\n\t\t<tr>\r\n\t\t\t<td>Массажное кресло / 20 мин</td>\r\n\t\t\t<td>120 руб.</td>\r\n\t\t</tr>\r\n\t\t<tr>\r\n\t\t\t<td>Солярий / 1 мин</td>\r\n\t\t\t<td>15 руб.</td>\r\n\t\t</tr>\r\n\t\t<tr>\r\n\t\t\t<td>Очки для солярия / временное пользование</td>\r\n\t\t\t<td>15 руб.</td>\r\n\t\t</tr>\r\n\t\t<tr>\r\n\t\t\t<td>Фитобочка / 20 мин</td>\r\n\t\t\t<td>250 руб.</td>\r\n\t\t</tr>\r\n\t\t<tr>\r\n\t\t\t<td>Фитобочка + массажная кровать / 40 мин</td>\r\n\t\t\t<td>330 руб.</td>\r\n\t\t</tr>\r\n\t\t<tr>\r\n\t\t\t<td>&nbsp;</td>\r\n\t\t\t<td>&nbsp;</td>\r\n\t\t</tr>\r\n\t</tbody>\r\n</table>\r\n\r\n<p>&nbsp;</p>",
            "category": "relax",
            "slug": "razovye-uslugi-spa-fsk",
            "typeservice": 8,
            "order": 100
        }
    },
    {
        "model": "app_services.service",
        "pk": 43,
        "fields": {
            "name": "Прочие услуги хостела на ФСК",
            "description": "<table align=\"center\" border=\"0\" cellpadding=\"0\" cellspacing=\"0\" style=\"width:500px\">\r\n\t<tbody>\r\n\t\t<tr>\r\n\t\t\t<td>Бильярд</td>\r\n\t\t\t<td>150 руб.</td>\r\n\t\t</tr>\r\n\t\t<tr>\r\n\t\t\t<td>Стирка белья 1 загрузка</td>\r\n\t\t\t<td>200 руб.</td>\r\n\t\t</tr>\r\n\t\t<tr>\r\n\t\t\t<td>&nbsp;</td>\r\n\t\t\t<td>&nbsp;</td>\r\n\t\t</tr>\r\n\t</tbody>\r\n</table>\r\n\r\n<p>&nbsp;</p>",
            "category": "relax",
            "slug": "prochie-uslugi-hostela-yunior",
            "typeservice": 6,
            "order": 100
        }
    },
    {
        "model": "app_services.service",
        "pk": 44,
        "fields": {
            "name": "Услуги временного проживания хостел ФСК",
            "description": "<table align=\"center\" border=\"1\" cellpadding=\"1\" cellspacing=\"1\" style=\"width:500px\">\r\n\t<tbody>\r\n\t\t<tr>\r\n\t\t\t<td>Услуги временного проживания в номере &nbsp;1место / чел/с&nbsp;</td>\r\n\t\t\t<td>500 руб.</td>\r\n\t\t</tr>\r\n\t\t<tr>\r\n\t\t\t<td>Услуги временного проживания в номере&nbsp;/ без подселения / чел/с</td>\r\n\t\t\t<td>1500 руб.</td>\r\n\t\t</tr>\r\n\t\t<tr>\r\n\t\t\t<td>&nbsp;</td>\r\n\t\t\t<td>&nbsp;</td>\r\n\t\t</tr>\r\n\t</tbody>\r\n</table>\r\n\r\n<p>&nbsp;</p>",
            "category": "relax",
            "slug": "uslugi-vremennogo-prozhivaniya",
            "typeservice": 6,
            "order": 100
        }
    },
    {
        "model": "app_services.service",
        "pk": 45,
        "fields": {
            "name": "Услуги временного проживания Патриот",
            "description": "<table align=\"center\" border=\"1\" cellpadding=\"1\" cellspacing=\"1\" style=\"width:500px\">\r\n\t<tbody>\r\n\t\t<tr>\r\n\t\t\t<td>Услуги временного проживания (двухместный номер) 1 место</td>\r\n\t\t\t<td>600 руб.</td>\r\n\t\t</tr>\r\n\t\t<tr>\r\n\t\t\t<td>Услуги временного проживания (двухместный номер) без подселения</td>\r\n\t\t\t<td>1200 руб.</td>\r\n\t\t</tr>\r\n\t\t<tr>\r\n\t\t\t<td>Услуги временного проживания (трехместный номер) 1 место</td>\r\n\t\t\t<td>500 руб.</td>\r\n\t\t</tr>\r\n\t\t<tr>\r\n\t\t\t<td>Услуги временного проживания (Трехместный номер) без подселения</td>\r\n\t\t\t<td>1500 руб.</td>\r\n\t\t</tr>\r\n\t\t<tr>\r\n\t\t\t<td>Услуги стирки белья&nbsp;</td>\r\n\t\t\t<td>200 руб.</td>\r\n\t\t</tr>\r\n\t</tbody>\r\n</table>\r\n\r\n<p>&nbsp;</p>",
            "category": "relax",
            "slug": "uslugi-vremennogo-prozhivaniya-patriot",
            "typeservice": 6,
            "order": 100
        }
    },
    {
        "model": "app_services.service",
        "pk": 46,
        "fields": {
            "name": "Безлимитный",
            "description": "<p>Все дни в любое время работы зала</p>",
            "category": "sport",
            "slug": "bezlimitnyj",
            "typeservice": 4,
            "order": 100
        }
    },
    {
        "model": "app_services.rate",
        "pk": 3,
        "fields": {
            "service": 17,
            "name": "Дневной",
            "forchild": false,
            "description": "с 9:00 до 17:00",
            "price": "0.00"
        }
    },
    {
        "model": "app_services.rate",
        "pk": 4,
        "fields": {
            "service": 17,
            "name": "Разовое посещение",
            "forchild": false,
            "description": "",
            "price": "350.00"
        }
    },
    {
        "model": "app_services.rate",
        "pk": 5,
        "fields": {
            "service": 17,
            "name": "Стандартный",
            "forchild": false,
            "description": "все дни в любое время работы зала",
            "price": null
        }
    },
    {
        "model": "app_services.rate",
        "pk": 7,
        "fields": {
            "service": 19,
            "name": "индивидуальные или групповые тренировки",
            "forchild": false,
            "description": "с инструктором по записи",
            "price": "700.00"
        }
    },
    {
        "model": "app_services.rate",
        "pk": 8,
        "fields": {
            "service": 19,
            "name": "персональная тренировка с Алиной Тюкавкиной",
            "forchild": false,
            "description": "в минигруппах по 5 человек по записи",
            "price": "700.00"
        }
    },
    {
        "model": "app_services.rate",
        "pk": 9,
        "fields": {
            "service": 46,
            "name": "на 3 месяца",
            "forchild": false,
            "description": "",
            "price": "6000.00"
        }
    },
    {
        "model": "app_services.rate",
        "pk": 10,
        "fields": {
            "service": 46,
            "name": "на 6 месяцев",
            "forchild": false,
            "description": "10500",
            "price": null
        }
    },
    {
        "model": "app_services.rate",
        "pk": 11,
        "fields": {
            "service": 8,
            "name": "Взрослый",
            "forchild": false,
            "description": "",
            "price": "330.00"
        }
    },
    {
        "model": "app_services.rate",
        "pk": 12,
        "fields": {
            "service": 8,
            "name": "Детский",
            "forchild": true,
            "description": "",
            "price": "150.00"
        }
    },
    {
        "model": "app_services.rate",
        "pk": 13,
        "fields": {
            "service": 5,
            "name": "Абонемент на 4 посещения",
            "forchild": false,
            "description": "в будние дни с 7:00 до 13:30",
            "price": "800.00"
        }
    },
    {
        "model": "app_services.rate",
        "pk": 14,
        "fields": {
            "service": 7,
            "name": "Взрослый в будние дни",
            "forchild": false,
            "description": "Будние дни с 7 ч до 17",
            "price": null
        }
    },
    {
        "model": "app_services.rate",
        "pk": 15,
        "fields": {
            "service": 7,
            "name": "Взрослый в любое время",
            "forchild": false,
            "description": "по режиму работы бассейна в том числе выходные и праздничные",
            "price": null
        }
    },
    {
        "model": "app_services.rate",
        "pk": 22,
        "fields": {
            "service": 7,
            "name": "Детский в будние дни",
            "forchild": true,
            "description": "до 17 лет включительно, Будние дни с 7 ч до 17",
            "price": null
        }
    },
    {
        "model": "app_services.rate",
        "pk": 23,
        "fields": {
            "service": 7,
            "name": "Детский в любое время",
            "forchild": true,
            "description": "до 17 лет включительно, по режиму работы бассейна",
            "price": null
        }
    },
    {
        "model": "app_services.discount",
        "pk": 1,
        "fields": {
            "rate": 5,
            "name": "4 занятия",
            "type": "amt",
            "value": "1000.00"
        }
    },
    {
        "model": "app_services.discount",
        "pk": 2,
        "fields": {
            "rate": 5,
            "name": "8 занятий",
            "type": "amt",
            "value": "1800.00"
        }
    },
    {
        "model": "app_services.discount",
        "pk": 3,
        "fields": {
            "rate": 5,
            "name": "12 занятий",
            "type": "amt",
            "value": "2400.00"
        }
    },
    {
        "model": "app_services.discount",
        "pk": 4,
        "fields": {
            "rate": 3,
            "name": "4 занятия",
            "type": "amt",
            "value": "800.00"
        }
    },
    {
        "model": "app_services.discount",
        "pk": 5,
        "fields": {
            "rate": 3,
            "name": "8 занятий",
            "type": "amt",
            "value": "1450.00"
        }
    },
    {
        "model": "app_services.discount",
        "pk": 6,
        "fields": {
            "rate": 3,
            "name": "12 занятий",
            "type": "amt",
            "value": "1950.00"
        }
    },
    {
        "model": "app_services.discount",
        "pk": 7,
        "fields": {
            "rate": 14,
            "name": "4 сеанса",
            "type": "amt",
            "value": "1150.00"
        }
    },
    {
        "model": "app_services.discount",
        "pk": 8,
        "fields": {
            "rate": 14,
            "name": "8 сеансов",
            "type": "amt",
            "value": "2150.00"
        }
    },
    {
        "model": "app_services.discount",
        "pk": 9,
        "fields": {
            "rate": 14,
            "name": "12 сеансов",
            "type": "amt",
            "value": "3050.00"
        }
    },
    {
        "model": "app_services.discount",
        "pk": 10,
        "fields": {
            "rate": 15,
            "name": "4 сеанса",
            "type": "amt",
            "value": "1240.00"
        }
    },
    {
        "model": "app_services.discount",
        "pk": 11,
        "fields": {
            "rate": 15,
            "name": "8 сеансов",
            "type": "amt",
            "value": "2350.00"
        }
    },
    {
        "model": "app_services.discount",
        "pk": 12,
        "fields": {
            "rate": 15,
            "name": "12 сеансов",
            "type": "amt",
            "value": "3200.00"
        }
    },
    {
        "model": "app_services.discount",
        "pk": 15,
        "fields": {
            "rate": 22,
            "name": "4 сеанса",
            "type": "amt",
            "value": "460.00"
        }
    },
    {
        "model": "app_services.discount",
        "pk": 16,
        "fields": {
            "rate": 22,
            "name": "8 сеансов",
            "type": "amt",
            "value": "870.00"
        }
    },
    {
        "model": "app_services.discount",
        "pk": 17,
        "fields": {
            "rate": 22,
            "name": "12 сеансов",
            "type": "amt",
            "value": "1150.00"
        }
    },
    {
        "model": "app_services.discount",
        "pk": 18,
        "fields": {
            "rate": 23,
            "name": "4 сеанса",
            "type": "amt",
            "value": "540.00"
        }
    },
    {
        "model": "app_services.discount",
        "pk": 19,
        "fields": {
            "rate": 23,
            "name": "8 сеансов",
            "type": "amt",
            "value": "1000.00"
        }
    },
    {
        "model": "app_services.discount",
        "pk": 20,
        "fields": {
            "rate": 23,
            "name": "12 сеансов",
            "type": "amt",
            "value": "1350.00"
        }
    }    
]